Pages les plus populaires,Clics,Impressions,CTR,Position
https://www.hsechement.ch/,36,477,7.55%,25.59
https://www.hsechement.ch/entreprise,1,132,0.76%,15.36
https://www.hsechement.ch/urgence-degat-eau,0,190,0%,74.89
https://www.hsechement.ch/expert-en-assechement,0,123,0%,5.81
https://www.hsechement.ch/faq-questions-frequentes,0,66,0%,76.53
https://www.hsechement.ch/assainissement,0,50,0%,40.6
https://www.hsechement.ch/expert-en-assechement/mentions-legales,0,42,0%,7.9
https://www.hsechement.ch/contact,0,37,0%,4.76
https://www.hsechement.ch/entreprise/mentions-legales,0,24,0%,6.38
https://www.hsechement.ch/expert-en-assechement/politique-de-confidentialite,0,7,0%,25.86
https://www.hsechement.ch/entreprise/politique-de-confidentialite,0,5,0%,29