Requêtes les plus fréquentes,Clics,Impressions,CTR,Position
sèchement,1,2,50%,12.5
fuite d'eau urgence,0,118,0%,90.22
entreprise assèchement humidité arc lémanique,0,116,0%,2.68
assèchement,0,104,0%,84.09
assèchement après dégât des eaux,0,35,0%,98.8
assèchement bâtiment genève,0,27,0%,71.48
entreprise détection de fuites arc lémanique,0,15,0%,4.13
julien henchoz,0,9,0%,6.44
moisissure assainissement lausanne,0,6,0%,27.5
assechement,0,6,0%,77.67
détection de fuite lausanne,0,4,0%,72.75
séchement,0,2,0%,13
sechement,0,1,0%,13
dégât d'eau intervention lausanne,0,1,0%,26